file,RandomForest(before preprocessing),KNN,RandomForest(after preprocessing)
ant-ivy-1.4.1_aggregated.csv,-1.0,-0.6469619111128545,-0.7165693554787144
ant-ivy-2.0.0_aggregated.csv,0.266440651083487,0.4088546153604512,0.3749704343905157
ant-ivy-2.1.0_aggregated.csv,0.3979152816627573,0.4137517098908462,0.42564888001531603
ant-ivy-2.2.0_aggregated.csv,0.5234644137123114,0.5705617557456311,0.6608383623467271
ant-ivy-2.3.0_aggregated.csv,0.8462484624846248,0.8237818923307362,0.8623816912602053
ant-ivy-2.4.0_aggregated.csv,0.6663237216027583,0.6598325404191835,0.7064579256360078
archiva-1.0_aggregated.csv,-1.0,0.7874240040814591,-1.0
archiva-1.1_aggregated.csv,-1.0,0.44155276968347495,0.4563937159113559
archiva-1.2_aggregated.csv,0.5883832609192774,0.6750580253526156,0.6738877242021897
archiva-1.3_aggregated.csv,0.604179860671311,0.7446249635178519,0.7412901000344947
archiva-2.0.0_aggregated.csv,0.8777381558838513,0.9105725591897874,0.912577860343132
archiva-2.1.0_aggregated.csv,0.939403732730064,0.9366259664540116,0.9594443881172056
archiva-2.2.0_aggregated.csv,0.9785736477293424,1.0,1.0
calcite-1.0.0_aggregated.csv,0.4314016155693704,0.501363916346464,0.4587879965114973
calcite-1.1.0_aggregated.csv,0.9790230208172896,1.0,1.0
calcite-1.10.0_aggregated.csv,0.946658561929054,0.9697458938476092,0.9468578712585874
calcite-1.11.0_aggregated.csv,0.8712739908067438,0.8760937445985224,0.8868364371583874
calcite-1.12.0_aggregated.csv,0.8271585620508946,0.8579833104090344,0.8533660736720861
calcite-1.13.0_aggregated.csv,0.9215339206124004,0.9445289430575818,0.943680487160288
calcite-1.14.0_aggregated.csv,0.9191014871843272,0.9615238850102829,0.9401740834461856
calcite-1.15.0_aggregated.csv,0.9705614417713396,0.971053860117779,0.970621244244048
calcite-1.2.0_aggregated.csv,0.8753252026241286,0.8888125372346156,0.9008953930369104
calcite-1.3.0_aggregated.csv,0.8692498275565328,0.8039073927903285,0.8776878847616496
calcite-1.4.0_aggregated.csv,0.7492749868369368,0.7238707741774038,0.7973701107169715
calcite-1.5.0_aggregated.csv,0.9087342351066948,0.9014239336518199,0.9221507381717778
calcite-1.6.0_aggregated.csv,0.9582297319251744,0.9370727169703468,0.9577331463362172
calcite-1.7.0_aggregated.csv,0.8218719968819224,0.8323854743174532,0.8340061653287637
calcite-1.8.0_aggregated.csv,0.8693959751717091,0.8889435416172184,0.9136134494071636
calcite-1.9.0_aggregated.csv,0.9397687420852364,0.9570986361427524,0.9399047490272079
cayenne-3.0.0_aggregated.csv,0.027831159141778472,0.6774063470301221,0.7228016437862523
cayenne-3.1.0_aggregated.csv,0.7963294032451514,0.6779601617776599,0.8261580938746294
commons-bcel-5.0_aggregated.csv,-1.0,-1.0,-1.0
commons-bcel-5.1_aggregated.csv,-1.0,-1.0,-1.0
commons-bcel-5.2_aggregated.csv,1.0,-1.0,1.0
commons-bcel-6.0_aggregated.csv,0.8100054736518305,0.8682703531452283,0.8390918343128618
commons-bcel-6.1_aggregated.csv,0.9649948464635072,1.0,0.9649948464635072
commons-bcel-6.2_aggregated.csv,0.9651045119866,1.0,1.0
commons-beanutils-1.0_aggregated.csv,-1.0,-1.0,-1.0
commons-beanutils-1.1_aggregated.csv,-1.0,-1.0,-1.0
commons-beanutils-1.2_aggregated.csv,-1.0,-1.0,-1.0
commons-beanutils-1.3_aggregated.csv,-1.0,-1.0,-1.0
commons-beanutils-1.4_aggregated.csv,-1.0,-1.0,-1.0
commons-beanutils-1.5_aggregated.csv,-1.0,-1.0,-1.0
commons-beanutils-1.6_aggregated.csv,-1.0,-1.0,-1.0
commons-beanutils-1.7.0_aggregated.csv,-1.0,0.559413138300216,0.4359311836043997
commons-beanutils-1.8.0_aggregated.csv,-1.0,0.3303998469485364,0.22549236556760344
commons-beanutils-1.9.0_aggregated.csv,-1.0,1.0,1.0
commons-codec-1.10_aggregated.csv,0.6729354047424366,0.5312866182329505,0.7564539698002922
commons-codec-1.11_aggregated.csv,-1.0,-1.0,-1.0
commons-codec-1.1_aggregated.csv,-1.0,-1.0,-1.0
commons-codec-1.2_aggregated.csv,0.17763157894736842,0.5503597122302158,-1.0
commons-codec-1.3_aggregated.csv,-1.0,-1.0,0.4455225949542556
commons-codec-1.4_aggregated.csv,-1.0,-1.0,-1.0
commons-codec-1.5_aggregated.csv,1.0,1.0,1.0
commons-codec-1.6_aggregated.csv,0.5455922447743108,0.4934143870314083,0.5455922447743108
commons-codec-1.7_aggregated.csv,1.0,1.0,0.8148833765272121
commons-codec-1.8_aggregated.csv,0.555357936860827,0.6231629192312523,0.6731492073868279
commons-codec-1.9_aggregated.csv,0.5455061924781275,0.5455061924781275,0.6242014280345735
commons-collections-1.0_aggregated.csv,1.0,1.0,1.0
commons-collections-2.0_aggregated.csv,1.0,1.0,1.0
commons-collections-2.1_aggregated.csv,1.0,1.0,1.0
commons-collections-3.0_aggregated.csv,0.8714608898334133,1.0,0.9524094419667138
commons-collections-3.1_aggregated.csv,0.9568976133592768,1.0,1.0
commons-collections-3.2_aggregated.csv,0.7802938203975218,0.8805714655374036,0.8777885844353578
commons-collections-3.3_aggregated.csv,0.7687014513983925,0.8381527837721191,0.8743688530474527
commons-collections-4.0_aggregated.csv,-1.0,0.6228668405669568,0.6087283671933785
commons-collections-4.1_aggregated.csv,1.0,-1.0,1.0
commons-compress-1.0_aggregated.csv,0.06413775892188672,0.2426234681533687,0.21057825143082687
commons-compress-1.10_aggregated.csv,0.7209833405591494,0.8185973950585931,0.8097919123521132
commons-compress-1.11_aggregated.csv,0.8252064021068455,0.8781089152247504,0.8792568809857029
commons-compress-1.12_aggregated.csv,1.0,1.0,1.0
commons-compress-1.13_aggregated.csv,0.6259429355167183,0.6218487394957983,0.6820782995730766
commons-compress-1.14_aggregated.csv,0.9075885224944938,0.9510718754150154,0.9075885224944938
commons-compress-1.15_aggregated.csv,0.95209259543155,0.9465526456440406,1.0
commons-compress-1.16_aggregated.csv,0.6996996996996997,0.8101746393318148,0.8599962665671085
commons-compress-1.1_aggregated.csv,0.33148128890407497,0.5899958999589996,0.5023169908979308
commons-compress-1.2_aggregated.csv,0.4978407150748217,0.8290176111860479,1.0
commons-compress-1.3_aggregated.csv,0.4624894417568916,0.6696790805220765,0.6596234912156678
commons-compress-1.4_aggregated.csv,0.5579524356820794,0.6886426415877629,0.7635055238352647
commons-compress-1.5_aggregated.csv,0.4154000334057124,0.5870729544930107,0.6523552928906657
commons-compress-1.6_aggregated.csv,0.4752254890476748,0.7145589221744901,0.7866157254049221
commons-compress-1.7_aggregated.csv,0.6035342093339374,0.616217549823186,0.7458784663765445
commons-compress-1.8_aggregated.csv,0.5473808709146409,0.4703643640967569,0.514247849754748
commons-compress-1.9_aggregated.csv,0.5632830198979174,0.6233841518574176,0.7756053046905971
commons-configuration-1.0_aggregated.csv,0.4240294896901279,0.7378493157867142,0.5842860112242777
commons-configuration-1.10_aggregated.csv,0.9324027444485754,0.9333333333333332,0.9324027444485754
commons-configuration-1.1_aggregated.csv,0.4083423725470861,0.6545257131576351,0.539573645195451
commons-configuration-1.2_aggregated.csv,0.30901050304035377,0.44521497919556174,0.3433053630062021
commons-configuration-1.3_aggregated.csv,0.01909495160868431,0.2262191347410413,0.3138854236637559
commons-configuration-1.4_aggregated.csv,0.5279166135885082,0.7725093839879106,0.6456937022055567
commons-configuration-1.5_aggregated.csv,0.515386479282772,0.6552912788693553,0.7916294576412456
commons-configuration-1.6_aggregated.csv,0.734765599098203,0.7735897878212868,0.9184885974604672
commons-configuration-1.7_aggregated.csv,0.767349109279447,0.8771884338796174,0.8828506345590628
commons-configuration-1.8_aggregated.csv,0.7414573189123971,0.7848768419920404,0.8323565775595309
commons-configuration-1.9_aggregated.csv,0.8239320377665779,0.8329760877432286,0.8329760877432286
commons-configuration-2.0_aggregated.csv,0.9218139171227522,0.8877917414721722,0.8879614587418071
commons-configuration-2.1_aggregated.csv,0.9190866501064008,1.0,0.9206506645506844
commons-configuration-2.2_aggregated.csv,0.8465728203751295,0.8827380661552743,0.8851190932067092
commons-dbcp-1.0_aggregated.csv,-1.0,-1.0,-1.0
commons-dbcp-1.1_aggregated.csv,0.20327794218074208,0.4229659549913445,0.6207811907470611
commons-dbcp-1.2_aggregated.csv,0.1525976142363601,0.2435830629843169,0.22821640811916336
commons-dbcp-1.3_aggregated.csv,0.5469842091638623,0.8421841710723585,0.8421841710723585
commons-dbcp-1.4_aggregated.csv,0.7787800951245591,0.8613325937738334,0.8613325937738334
commons-dbcp-2.0_aggregated.csv,0.578922040423484,0.6610169491525424,0.6687644915534945
commons-dbcp-2.1_aggregated.csv,0.3331851522560569,0.5679039018277664,0.5708891177480261
commons-dbcp-2.2.0_aggregated.csv,0.9174508832755488,1.0,0.9174508832755488
commons-dbcp-2.3.0_aggregated.csv,0.9177766814668641,0.9177766814668641,0.9177766814668641
commons-dbcp-2.4.0_aggregated.csv,1.0,1.0,1.0
commons-dbcp-2.5.0_aggregated.csv,1.0,1.0,1.0
commons-digester-1.0_aggregated.csv,-1.0,-1.0,-1.0
commons-digester-1.1_aggregated.csv,-1.0,-1.0,-1.0
commons-digester-1.2_aggregated.csv,-1.0,-1.0,-1.0
commons-digester-1.3_aggregated.csv,-1.0,-1.0,-1.0
commons-digester-1.4_aggregated.csv,1.0,1.0,1.0
commons-digester-1.5_aggregated.csv,1.0,0.7696383321815251,1.0
commons-digester-1.6_aggregated.csv,1.0,1.0,1.0
commons-digester-1.7_aggregated.csv,1.0,1.0,1.0
commons-digester-1.8_aggregated.csv,1.0,0.8351195383347073,1.0
commons-digester-2.0_aggregated.csv,-1.0,-1.0,-1.0
commons-digester-2.1_aggregated.csv,-1.0,-1.0,-1.0
commons-digester-3.0_aggregated.csv,0.9009802950787208,1.0,1.0
commons-digester-3.1_aggregated.csv,1.0,1.0,1.0
commons-digester-3.2_aggregated.csv,0.7064435637751357,0.4387627837365927,0.5561004481271666
commons-io-1.0_aggregated.csv,0.3635302853505887,1.0,1.0
commons-io-1.1_aggregated.csv,0.3854662774619757,1.0,1.0
commons-io-1.2_aggregated.csv,0.3819275619102559,0.6042290948154011,1.0
commons-io-1.3_aggregated.csv,0.2310058443555829,0.2572418915573162,0.5682210708117443
commons-io-1.4_aggregated.csv,0.2181391712275215,0.2749419953596288,0.2791234140715109
commons-io-2.0_aggregated.csv,0.6349032493610807,0.7179258144892107,0.6349032493610807
commons-io-2.1_aggregated.csv,0.8543293322456591,1.0,1.0
commons-io-2.2_aggregated.csv,1.0,1.0,1.0
commons-io-2.3_aggregated.csv,1.0,1.0,1.0
commons-io-2.4_aggregated.csv,0.7524854585206879,0.8624024531676919,0.7524854585206879
commons-io-2.5_aggregated.csv,0.7465359918891518,-0.26253687315634217,0.506578947368421
commons-jcs-1.0_aggregated.csv,-1.0,1.0,-1.0
commons-jcs-1.1_aggregated.csv,-1.0,-1.0,-1.0
commons-jcs-1.3_aggregated.csv,-1.0,0.473407056345445,-1.0
commons-jcs-2.0_aggregated.csv,0.9697690908191476,0.9697690908191476,0.9697690908191476
commons-jcs-2.1_aggregated.csv,1.0,1.0,1.0
commons-jcs-2.2_aggregated.csv,0.9446795563300416,1.0,1.0
commons-jexl-1.0_aggregated.csv,-1.0,-1.0,-1.0
commons-jexl-1.1_aggregated.csv,-1.0,-1.0,-1.0
commons-jexl-2.0_aggregated.csv,-1.0,0.5448338643604915,1.0
commons-jexl-2.1_aggregated.csv,-1.0,-1.0,-1.0
commons-jexl-3.0_aggregated.csv,-1.0,-1.0,-1.0
commons-jexl-3.1_aggregated.csv,-1.0,-1.0,-1.0
commons-lang-1.0_aggregated.csv,-1.0,-1.0,-1.0
commons-lang-2.0_aggregated.csv,0.6676268557500554,0.6341552645057438,0.5940322744341825
commons-lang-2.1_aggregated.csv,0.5653028907357767,0.5139001412004351,0.5716471188169302
commons-lang-2.2_aggregated.csv,0.5960901526779222,0.647587442365863,0.6919387479442836
commons-lang-2.3_aggregated.csv,0.6821066503288752,0.732751325108013,0.7817351495953705
commons-lang-2.4_aggregated.csv,0.6256492645567843,0.6342720351098847,0.7276540116564083
commons-lang-2.5_aggregated.csv,0.8205695634713809,1.0,0.935115962194234
commons-lang-2.6_aggregated.csv,0.8562564385136916,1.0,1.0
commons-lang-3.0_aggregated.csv,0.677137204947432,0.7329475909647268,0.8268890181056332
commons-lang-3.1_aggregated.csv,0.5499661238236064,0.5870899826214795,0.6483578310711021
commons-lang-3.2_aggregated.csv,0.6159754224270353,0.7165851849073275,0.6159754224270353
commons-lang-3.3_aggregated.csv,0.8618262880092853,0.9261686124313598,1.0
commons-lang-3.4_aggregated.csv,0.7364085667215815,0.8079084107302362,0.7674445645980861
commons-lang-3.5_aggregated.csv,0.8743928990118908,0.8635898601796067,0.7864297460649681
commons-lang-3.6_aggregated.csv,0.9224911349235568,0.91529192520277,0.9224911349235568
commons-lang-3.7_aggregated.csv,1.0,1.0,1.0
commons-math-1.0_aggregated.csv,0.5724303061399008,0.6281606346058504,0.6757457846952011
commons-math-1.1_aggregated.csv,0.563890100305277,0.6584505037855071,0.6626844694307801
commons-math-1.2_aggregated.csv,0.5490823826486901,0.6048016598330287,0.6054448609193135
commons-math-2.0_aggregated.csv,0.6371414384477293,0.6206881163818109,0.6437787945474407
commons-math-2.1_aggregated.csv,0.7725675060993259,0.7994507177993059,0.8182526742196661
commons-math-2.2_aggregated.csv,0.8235743830004116,0.746506007807615,0.7794496042345677
commons-math-3.0_aggregated.csv,0.701250345920652,0.8624877118855636,0.8078071740682887
commons-math-3.1_aggregated.csv,0.5620142850725484,0.6254141087306037,0.7122318775859431
commons-math-3.2_aggregated.csv,0.7359102094712202,0.7311066203618477,0.8152163200946092
commons-math-3.3_aggregated.csv,0.8645085895908724,0.8571666626990739,0.8758053832721142
commons-math-3.4_aggregated.csv,0.9886959667209259,0.9886505136453252,0.9886959667209259
commons-math-3.5_aggregated.csv,1.0,0.9885759981721596,0.9887522411159576
commons-math-3.6_aggregated.csv,-1.0,-1.0,-1.0
commons-net-1.0.0_aggregated.csv,0.7587803936703974,0.8596688184114509,0.8596688184114509
commons-net-1.1.0_aggregated.csv,0.656887973923486,0.8755429439072048,0.8715148400359758
commons-net-1.2.0_aggregated.csv,0.6586748308888934,0.7387328543435663,0.8572118975440446
commons-net-1.3.0_aggregated.csv,0.5710397217217686,0.4199423809431737,0.6270628088386114
commons-net-1.4.0_aggregated.csv,0.6589681893105473,0.6554892053284336,0.6329283649507768
commons-net-2.0_aggregated.csv,0.35023621620889905,0.3333919701507738,0.39690381059232027
commons-net-2.1_aggregated.csv,0.5394676245740075,0.491921552687735,0.6666165502003569
commons-net-2.2_aggregated.csv,0.6250066963089945,0.7486331929868659,0.7728498821658764
commons-net-3.0_aggregated.csv,0.4685954683002436,0.5324762063783602,0.7355974029789359
commons-net-3.1_aggregated.csv,0.7619336588462653,0.6972964791796734,1.0
commons-net-3.2_aggregated.csv,0.7680352586406867,0.6804236669101534,0.8352807947701653
commons-net-3.3_aggregated.csv,0.7258584058666301,0.7672542204568025,0.7092026961064318
commons-net-3.4_aggregated.csv,0.862459228985735,0.8451378825923919,0.9273189788316526
commons-net-3.5_aggregated.csv,0.8643831370117793,0.9286446951790572,0.9286446951790572
commons-net-3.6_aggregated.csv,1.0,1.0,1.0
commons-scxml-0.5_aggregated.csv,0.2480664566026926,0.6103073700618638,0.31861542654674296
commons-scxml-0.6_aggregated.csv,0.2562290814429156,0.2256294526306473,0.4506249141601428
commons-scxml-0.7_aggregated.csv,0.6060924369747899,0.6686969596574837,0.8130940937733633
commons-scxml-0.8_aggregated.csv,0.5343205737170532,0.6927912280079874,0.8189904840711626
commons-scxml-0.9_aggregated.csv,0.6739130434782609,1.0,1.0
commons-validator-1.0_aggregated.csv,-1.0,-1.0,-1.0
commons-validator-1.1.0_aggregated.csv,-1.0,0.4056463595839525,-1.0
commons-validator-1.2.0_aggregated.csv,0.2890152861713473,0.20138426727006525,0.5950597286900182
commons-validator-1.3.0_aggregated.csv,0.3729752325216846,-1.0,0.3188474899530005
commons-validator-1.4.0_aggregated.csv,-1.0,0.2418498862774829,0.3187082708815915
commons-validator-1.5.0_aggregated.csv,-1.0,0.8490907719007017,0.8476770753998477
commons-validator-1.6.0_aggregated.csv,-1.0,1.0,1.0
commons-vfs-1.0_aggregated.csv,-1.0,0.4076297290893295,0.2329684122446133
commons-vfs-2.0_aggregated.csv,-1.0,0.3723431571139197,-1.0
commons-vfs-2.1_aggregated.csv,-1.0,-1.0,-1.0
commons-vfs-2.2_aggregated.csv,-1.0,-1.0,-1.0
deltaspike-0.1_aggregated.csv,1.0,1.0,1.0
deltaspike-0.2_aggregated.csv,0.5310283376126999,0.5652938923791879,0.5683142672134686
deltaspike-0.3_aggregated.csv,0.4368425639753552,0.3961526296115249,0.4718371850095656
deltaspike-0.4_aggregated.csv,0.5710644475667531,0.6593348512971577,0.6371763247473462
deltaspike-0.5_aggregated.csv,0.6270093549677974,0.6610522639801267,0.6647358742774042
deltaspike-0.6_aggregated.csv,0.9027007672368834,0.9017009664760977,0.9330700756308146
deltaspike-0.7_aggregated.csv,0.9043083332719926,0.9035845532565552,0.9043083332719926
deltaspike-1.0.0_aggregated.csv,0.9080030027819892,0.9669660116964788,0.936453623365514
deltaspike-1.1.0_aggregated.csv,0.9396048648281379,0.9394225454141606,0.9687552725477576
deltaspike-1.2.0_aggregated.csv,0.9692243464856879,0.9691192266380236,0.9692243464856879
deltaspike-1.3.0_aggregated.csv,0.9701968498070246,0.9699134560563462,1.0
deltaspike-1.4.0_aggregated.csv,0.8423376077359681,0.9159798351604383,0.9151569999515184
deltaspike-1.5.0_aggregated.csv,0.7846663285130492,0.8459721723057966,0.8471804798532933
deltaspike-1.7.0_aggregated.csv,0.926081064432672,0.9742600344915536,0.9743859020004608
deltaspike-1.8.0_aggregated.csv,0.9281474988144336,0.9268353356063156,0.9276288809012616
eagle-0.3.0_aggregated.csv,-1.0,-1.0,0.6826970748636589
eagle-0.4.0_aggregated.csv,-1.0,0.9250524632757072,0.9284487693188322
eagle-0.5.0_aggregated.csv,-1.0,-1.0,-1.0
giraph-0.1.0_aggregated.csv,-1.0,-1.0,-1.0
giraph-1.0.0_aggregated.csv,-1.0,-0.5054939620812771,-0.01222373132485492
giraph-1.1.0_aggregated.csv,0.6967071057192374,0.7062358125250368,0.745857973706075
gora-0.1_aggregated.csv,0.312903669094407,0.4107000042092857,0.5080918884352403
gora-0.2_aggregated.csv,0.5083233827351268,0.42168674698795183,0.5283575050112015
gora-0.3_aggregated.csv,0.7966446365022878,1.0,0.7942033956439719
gora-0.4_aggregated.csv,0.7358116714629429,0.9183553501739032,0.9183553501739032
gora-0.5_aggregated.csv,0.6539193632116284,0.8097677898821828,0.7703700868766504
gora-0.6_aggregated.csv,0.6685919893949437,0.6989009886084208,0.7592044113751837
gora-0.7_aggregated.csv,-1.0,-1.0,-1.0
gora-0.8_aggregated.csv,-1.0,-1.0,-1.0
jspwiki-1.4.0_aggregated.csv,-1.0,1.0,-1.0
jspwiki-1.5.0_aggregated.csv,1.0,1.0,1.0
jspwiki-1.6.0_aggregated.csv,1.0,1.0,1.0
jspwiki-1.6.0_aggregated.csv,1.0,1.0,1.0
jspwiki-1.7.0_aggregated.csv,1.0,1.0,1.0
jspwiki-1.8.0_aggregated.csv,1.0,-1.0,1.0
jspwiki-2.0.36_aggregated.csv,1.0,1.0,1.0
jspwiki-2.10.0_aggregated.csv,-1.0,-1.0,-1.0
jspwiki-2.2.19_aggregated.csv,1.0,1.0,1.0
jspwiki-2.4.56_aggregated.csv,0.670687029185362,0.8977452835012015,0.7853583748562668
jspwiki-2.6.0_aggregated.csv,-1.0,0.6686583978529064,0.6900922492071527
jspwiki-2.8.0_aggregated.csv,-1.0,0.9354283254412398,-1.0
jspwiki-2.9.0_aggregated.csv,-1.0,-1.0,-1.0
knox-0.10.0_aggregated.csv,0.9111867668282574,0.8807609009810009,0.8844329994033224
knox-0.11.0_aggregated.csv,0.8875361992858549,0.8875361992858549,0.8875361992858549
knox-0.12.0_aggregated.csv,0.9000771626355204,0.9713573349773312,0.9474803707885824
knox-0.13.0_aggregated.csv,0.8828326381403198,0.92089024840462,0.9269634655024104
knox-0.14.0_aggregated.csv,0.8909463674234989,0.9293908311640628,0.9760888946579176
knox-0.3.0_aggregated.csv,0.370912950482784,0.4210409060142214,0.4681097712326488
knox-0.4.0_aggregated.csv,0.6006427114623555,0.575104838262733,0.7198086969724157
knox-0.5.0_aggregated.csv,0.5559952073600324,0.39193098518365616,0.503205570507861
knox-0.6.0_aggregated.csv,0.3248155299572919,0.2383901121276272,0.3173156204413231
knox-0.7.0_aggregated.csv,0.8143511334101317,0.8383380674333833,0.8162544169611308
knox-0.8.0_aggregated.csv,0.8723526939083625,0.8417683964018133,0.9642322222967384
knox-0.9.0_aggregated.csv,0.8846488174443945,0.935961510083278,0.9394970097054688
knox-1.0.0_aggregated.csv,0.686110384514779,0.6402949581343299,0.7012984731080772
kylin-0.6.1_aggregated.csv,-1.0,0.7709894527920202,-1.0
kylin-0.7.1_aggregated.csv,0.6876098246710141,0.7320845496508727,0.7674745831832848
kylin-1.0_aggregated.csv,0.788598746006198,0.8477340929710251,0.832323950128352
kylin-1.1_aggregated.csv,0.9594328166877164,1.0,0.9790557548894996
kylin-1.2_aggregated.csv,0.9599622043208788,0.9794183099859788,0.9414656988995552
kylin-1.3_aggregated.csv,0.8922440886902987,0.9412424288421328,0.9807428633051408
kylin-1.5.0_aggregated.csv,0.5592962566105562,0.5590237168548805,0.5804166644949103
kylin-1.6.0_aggregated.csv,0.7284405699730704,0.8261280306246496,0.7443125168055462
kylin-2.0.0_aggregated.csv,0.7419695628338866,0.8163216480630167,0.7898819631028019
kylin-2.1.0_aggregated.csv,0.7516777396219244,0.8131240322494527,0.7970423535706707
kylin-2.2.0_aggregated.csv,0.7759447662357061,0.8404483963186753,0.8085709403030218
lens-2.6.0_aggregated.csv,0.7176953676376235,0.7294591889186484,0.8300764655904843
lens-2.7.0_aggregated.csv,-1.0,-1.0,-1.0
mahout-0.10.0_aggregated.csv,0.9365464115409388,0.948670435967652,0.9365464115409388
mahout-0.11.0_aggregated.csv,0.9869013365002992,1.0,0.9869013365002992
mahout-0.12.0_aggregated.csv,-1.0,-1.0,-1.0
mahout-0.13.0_aggregated.csv,-1.0,-1.0,-1.0
mahout-0.1_aggregated.csv,0.17243915895298226,-0.1623668163237955,0.17243915895298226
mahout-0.2_aggregated.csv,0.5943387721986838,0.6276523723863131,0.6337024290107677
mahout-0.3_aggregated.csv,0.6967528292961026,0.7847999049020531,0.6846666066031631
mahout-0.4_aggregated.csv,0.4357745487855877,0.4220898548887903,0.4460954122632717
mahout-0.5_aggregated.csv,0.5229379235142924,0.5359084464662743,0.4673213210431239
mahout-0.6_aggregated.csv,0.6011509937214776,0.6136023125379436,0.5952107417247074
mahout-0.7_aggregated.csv,0.6878966313643079,0.6645220037621461,0.6890906556851739
mahout-0.8_aggregated.csv,0.7185097908326681,0.7296901573428543,0.731925204186091
mahout-0.9_aggregated.csv,0.8540928362388499,0.8431118246617753,0.8518526959960342
manifoldcf-0.1_aggregated.csv,0.8648413664458812,0.8788594618331592,0.8769564641749031
manifoldcf-0.2_aggregated.csv,0.9215202491525564,0.93407151263025,0.9436283605717964
manifoldcf-0.3_aggregated.csv,0.9223247953376048,0.9737284042430648,0.9522599920831154
manifoldcf-0.4_aggregated.csv,0.9595447058900118,0.9298643144236736,0.9725449210849516
manifoldcf-0.5_aggregated.csv,0.9614100998482544,0.9511597921360754,0.9743810009503048
manifoldcf-0.6_aggregated.csv,0.8615435456433893,0.8725799966221678,0.8852655987564976
manifoldcf-1.0_aggregated.csv,0.9444365638786676,0.9630980466333928,0.9519828763549832
manifoldcf-1.10_aggregated.csv,0.9878685810521508,0.9931139699187601,1.0
manifoldcf-1.1_aggregated.csv,0.8938495234433328,0.8903547025372919,0.8842680877142685
manifoldcf-1.2_aggregated.csv,0.9139629751076448,0.8769070000105447,0.9199413611316534
manifoldcf-1.3_aggregated.csv,0.9479405654789218,0.9213934118246322,0.9633495647251776
manifoldcf-1.4_aggregated.csv,0.8891482713388089,0.8974985571174731,0.917963610158786
manifoldcf-1.5_aggregated.csv,0.9493061361880512,0.9659018364386868,0.9917626523600412
manifoldcf-1.6_aggregated.csv,0.946073204854028,0.9081082715285216,0.9693936889786674
manifoldcf-1.7_aggregated.csv,0.9123574825922859,0.9119325719640732,0.9348909448271854
manifoldcf-1.8_aggregated.csv,0.9930118915244308,0.98528384699861,0.9931211265063358
manifoldcf-1.9_aggregated.csv,1.0,0.9804906432098026,1.0
manifoldcf-2.0_aggregated.csv,0.9408705659425955,0.919321345829968,0.9562284632719072
manifoldcf-2.10_aggregated.csv,1.0,1.0,1.0
manifoldcf-2.1_aggregated.csv,0.9457291729178136,0.917465541863728,0.9525361993097908
manifoldcf-2.2_aggregated.csv,0.9717029374372159,0.9512249233395152,0.9781266452156941
manifoldcf-2.3_aggregated.csv,0.9236684413309234,0.9191162534001504,0.9449621508032324
manifoldcf-2.4_aggregated.csv,0.9720082015969319,0.9666622627927391,0.9719307531680657
manifoldcf-2.5_aggregated.csv,1.0,0.9933292534718148,1.0
manifoldcf-2.6_aggregated.csv,0.9937820937232474,0.9876216303756938,0.9937681906514884
manifoldcf-2.7_aggregated.csv,1.0,0.987928940458106,1.0
manifoldcf-2.8_aggregated.csv,0.9292569622939608,0.9278647044521098,0.9395324650195308
manifoldcf-2.9_aggregated.csv,0.988595357584787,0.99396268334576,0.988595357584787
nutch-0.7_aggregated.csv,-1.0,0.3191221913790394,0.7069630097153032
nutch-0.8_aggregated.csv,0.4721330224783355,0.5712371594461813,0.5390288875230486
nutch-0.9_aggregated.csv,0.5582908801790394,0.6224770003101082,0.6408839779005524
nutch-1.0_aggregated.csv,0.64621568713337,0.7326219706583463,0.7584087187609052
nutch-1.10_aggregated.csv,0.7988968053321076,0.7552568783014827,0.7620960920318051
nutch-1.11_aggregated.csv,0.8902171261283239,0.9121823562644716,0.9447806410967567
nutch-1.12_aggregated.csv,0.6803190996623371,0.7116973265471319,0.7933291233710317
nutch-1.13_aggregated.csv,0.7029004345081146,0.6973762521057569,0.7226694327689476
nutch-1.14_aggregated.csv,0.928906583250391,0.944951502273503,0.9465157698252672
nutch-1.1_aggregated.csv,0.8382702245779662,0.9689655921520188,0.8864537183253185
nutch-1.2_aggregated.csv,0.8905123474700141,0.9132844147317392,0.9407581343120808
nutch-1.3_aggregated.csv,0.7360836489158483,0.7174207999069151,0.826733745459496
nutch-1.4_aggregated.csv,0.6358936081122903,0.7285282146954005,0.660681652857371
nutch-1.5_aggregated.csv,0.6719421493413067,0.624139150520311,0.7502980074375522
nutch-1.6_aggregated.csv,0.634302431888828,0.6588440879575754,0.8426043729751709
nutch-1.7_aggregated.csv,0.7629844168765514,0.8139581033648777,0.8554430219636259
nutch-1.8_aggregated.csv,0.9290220820189274,0.9602968209664547,0.963278226191438
nutch-1.9_aggregated.csv,0.8571234667562027,0.8782170983193961,0.8912728327051319
nutch-2.0_aggregated.csv,0.6171049654524252,0.7005670798840964,0.6690616155018506
nutch-2.1_aggregated.csv,0.6581573160031753,0.7427763011232101,0.7797017161236314
nutch-2.2_aggregated.csv,0.4346822443114901,0.4562360660491926,0.4581306210151488
nutch-2.3_aggregated.csv,0.8044201056131429,0.7836387632791709,0.8132411989915025
opennlp-1.7.0_aggregated.csv,-1.0,0.8399003824601975,-1.0
opennlp-1.8.0_aggregated.csv,-1.0,0.9366861532617184,-1.0
parquet-mr-1.0.0_aggregated.csv,0.945607832472124,1.0,0.945607832472124
parquet-mr-1.1.0_aggregated.csv,0.947639867005262,0.9461670973298879,0.947639867005262
parquet-mr-1.2.0_aggregated.csv,0.9496513354983259,1.0,0.9496513354983259
parquet-mr-1.3.0_aggregated.csv,0.9546855174913904,0.9546855174913904,1.0
parquet-mr-1.4.0_aggregated.csv,0.7266253856534738,0.7482772725842485,0.9580927156758388
parquet-mr-1.5.0_aggregated.csv,0.6296080724274958,0.7263680835732679,0.7259406326508241
parquet-mr-1.6.0_aggregated.csv,1.0,0.8945700037603365,1.0
parquet-mr-1.7.0_aggregated.csv,0.735865502713982,0.7031351203936229,0.7760819947023037
parquet-mr-1.8.0_aggregated.csv,0.5115995115995116,0.6303586001632182,0.6061441512406459
parquet-mr-1.9.0_aggregated.csv,-1.0,0.4818910974941464,0.32716096972925235
santuario-java-1.0.0_aggregated.csv,-1.0,-1.0,-1.0
santuario-java-1.2_aggregated.csv,-1.0,-1.0,-1.0
santuario-java-1.4.5_aggregated.csv,-1.0,0.9403020715181184,0.9446933244842652
santuario-java-1.5.9_aggregated.csv,-0.4824961948249619,-0.4824961948249619,-0.5753397282174261
santuario-java-2.0.0_aggregated.csv,-1.0,0.3485453703862441,-1.0
santuario-java-2.1.0_aggregated.csv,-1.0,-1.0,-1.0
systemml-0.10_aggregated.csv,0.8455624662971364,0.9037985156110959,0.9423714335195956
systemml-0.11_aggregated.csv,0.7672892938736309,0.8166740048616483,0.8527327283102921
systemml-0.12_aggregated.csv,0.8666513440922379,0.9235624347912438,0.9241509033983959
systemml-0.13_aggregated.csv,0.8985824372784723,0.8989710503052545,0.8859076659516881
systemml-0.14_aggregated.csv,0.7908981605856671,0.8549144904881524,0.8471602372073118
systemml-0.15_aggregated.csv,0.8468422755896224,0.8453489487387139,0.8564655437563651
systemml-0.9_aggregated.csv,0.8222943722149824,0.8776829283994492,0.8737168455592809
systemml-1.0.0_aggregated.csv,0.8979167986708063,0.9272559929683388,0.9241594191990428
systemml-1.1.0_aggregated.csv,0.8454636463394879,0.8234843454721896,0.8693603691389604
systemml-1.2.0_aggregated.csv,-1.0,-1.0,-1.0
tika-0.10_aggregated.csv,0.5818343533035086,0.7064367087551916,0.7330952872253573
tika-0.1_aggregated.csv,0.6203973174743769,0.5213020584011488,0.6203973174743769
tika-0.2_aggregated.csv,0.3751301812122474,0.4009784019434923,0.4683835907735018
tika-0.3_aggregated.csv,0.44452159422302456,0.6405662464056625,0.6771309358235644
tika-0.4_aggregated.csv,0.7290486899504159,0.8867785671827677,0.8009482103434549
tika-0.5_aggregated.csv,0.8999209375406572,1.0,1.0
tika-0.6_aggregated.csv,0.6416434232609255,0.6909030386608969,0.7523088354976823
tika-0.7_aggregated.csv,0.40329381812395576,0.7582182104354916,0.6138783165094599
tika-0.8_aggregated.csv,0.38486127833187,0.5043325838241192,0.5577849941708022
tika-0.9_aggregated.csv,0.3567376075433503,0.4253449182462378,0.4390941370313056
tika-1.0_aggregated.csv,0.6861218612186122,0.7253269916765754,0.7323290845886443
tika-1.10_aggregated.csv,0.9772477835549146,0.9771655983428748,0.9772477835549146
tika-1.11_aggregated.csv,0.8973630706729904,0.8788609467882288,0.91621770283512
tika-1.12_aggregated.csv,0.8994553351871855,0.9373606501419826,0.8994553351871855
tika-1.13_aggregated.csv,0.9408579334931898,0.9583966051629812,0.9792315474771768
tika-1.14_aggregated.csv,0.8620208267387405,0.8760298866362185,0.9093985422225443
tika-1.15_aggregated.csv,0.8990098152841429,0.953866607392247,0.9539679617013441
tika-1.16_aggregated.csv,0.8872421545205325,0.9841683278450204,0.9843234548379182
tika-1.17_aggregated.csv,0.90229013316459,0.9396445061411716,0.9398273043635232
tika-1.1_aggregated.csv,0.7328567497749318,0.7395904129208942,0.8112884550320607
tika-1.2_aggregated.csv,0.6391442563794141,0.6529786003470214,0.7493446406750984
tika-1.3_aggregated.csv,0.9287314192628792,0.9276036818698936,0.9624082079733488
tika-1.4_aggregated.csv,0.8176685890249996,0.8176685890249996,0.8690416786147319
tika-1.5_aggregated.csv,0.9667862942769287,0.8729180400784731,0.9330912226835624
tika-1.6_aggregated.csv,0.8638053687923622,0.858059835664832,0.821358504770685
tika-1.7_aggregated.csv,0.9208450233507182,0.8683805709979878,0.8719379155014351
tika-1.8_aggregated.csv,1.0,0.9079990247896628,0.9526786000102994
tika-1.9_aggregated.csv,0.8555688523913672,0.8361246763462358,0.8373190174068651
wss4j-1.5.0_aggregated.csv,-1.0,-1.0,-1.0
wss4j-1.6.0_aggregated.csv,-1.0,0.21336235152214386,0.3692178301093356
wss4j-2.0.0_aggregated.csv,0.8583059293064665,0.8678360033607416,0.8737362349949044
wss4j-2.1.0_aggregated.csv,0.8770707721126266,0.8749851172758661,0.8761061946902655
wss4j-2.2.0_aggregated.csv,-1.0,-1.0,-1.0
